{
    "cart_items": {
        "Darryldecode\\Cart\\CartCollection": {
            "2": {
                "id": 2,
                "name": "T-Shirt",
                "price": 5000.0,
                "quantity": 6,
                "attributes": {
                    "metal_type": null,
                    "gem_shape_id": null,
                    "band_width_id": null,
                    "accent_stone_type_id": null,
                    "setting_height_id": null,
                    "prong_style_id": null,
                    "ring_size_id": null,
                    "bespoke_customization_id": null,
                    "bespoke_customization_types_id": null,
                    "birth_stone_id": null,
                    "gem_stone_id": null,
                    "gem_stone_color_id": null,
                    "engraved_text": null,
                    "metal_type_karat": null
                },
                "conditions": [],
                "associatedModel": {
                    "id": 2,
                    "sub_category_id": 1,
                    "title": "T-Shirt",
                    "price": "5000",
                    "discount_price": "1000",
                    "color": null,
                    "desc": "V-Neck T-Shirt",
                    "tags": "Standard",
                    "status": "approved",
                    "is_active": 1,
                    "is_delete": 0,
                    "is_featured": 0,
                    "is_trending": 0,
                    "is_new_arrival": 1,
                    "image": null,
                    "user_id": 3,
                    "configurations": null,
                    "created_at": "2024-11-28T08:28:06.000000Z",
                    "updated_at": "2024-11-28T08:28:06.000000Z",
                    "threeStar": 0
                }
            },
            "2-609ed1514a634d7d3fc7d92055016d72": {
                "id": "2-609ed1514a634d7d3fc7d92055016d72",
                "name": "T-Shirt",
                "price": 5000.0,
                "quantity": 2,
                "attributes": {
                    "metal_type": null,
                    "gem_shape_id": null,
                    "band_width_id": null,
                    "accent_stone_type_id": null,
                    "setting_height_id": null,
                    "prong_style_id": null,
                    "ring_size_id": null,
                    "bespoke_customization_id": null,
                    "bespoke_customization_types_id": null,
                    "birth_stone_id": null,
                    "gem_stone_id": null,
                    "gem_stone_color_id": null,
                    "engraved_text": null,
                    "metal_type_karat": null
                },
                "conditions": [],
                "associatedModel": {
                    "id": 2,
                    "sub_category_id": 1,
                    "title": "T-Shirt",
                    "price": "5000",
                    "discount_price": "1000",
                    "color": null,
                    "desc": "V-Neck T-Shirt",
                    "tags": "Standard",
                    "status": "approved",
                    "is_active": 1,
                    "is_delete": 0,
                    "is_featured": 0,
                    "is_trending": 0,
                    "is_new_arrival": 1,
                    "image": null,
                    "user_id": 3,
                    "configurations": null,
                    "created_at": "2024-11-28T08:28:06.000000Z",
                    "updated_at": "2024-11-28T08:28:06.000000Z",
                    "threeStar": 0
                }
            },
            "4-609ed1514a634d7d3fc7d92055016d72": {
                "id": "4-609ed1514a634d7d3fc7d92055016d72",
                "name": "dasnj",
                "price": 21.0,
                "quantity": 2,
                "attributes": {
                    "metal_type": null,
                    "gem_shape_id": null,
                    "band_width_id": null,
                    "accent_stone_type_id": null,
                    "setting_height_id": null,
                    "prong_style_id": null,
                    "ring_size_id": null,
                    "bespoke_customization_id": null,
                    "bespoke_customization_types_id": null,
                    "birth_stone_id": null,
                    "gem_stone_id": null,
                    "gem_stone_color_id": null,
                    "engraved_text": null,
                    "metal_type_karat": null
                },
                "conditions": [],
                "associatedModel": {
                    "id": 4,
                    "sub_category_id": 2,
                    "title": "dasnj",
                    "price": "21",
                    "discount_price": "0",
                    "color": null,
                    "desc": "dasdas",
                    "tags": "\"gjhb,gh,hj\"",
                    "status": "approved",
                    "is_active": 1,
                    "is_delete": 0,
                    "is_featured": 0,
                    "is_trending": 0,
                    "is_new_arrival": 1,
                    "image": null,
                    "user_id": 1,
                    "configurations": null,
                    "created_at": "2024-11-28T13:25:00.000000Z",
                    "updated_at": "2024-11-28T13:25:00.000000Z",
                    "threeStar": 0
                }
            }
        }
    }
}
